<?xml version="1.0" encoding="UTF-8"?>
<metadata xml:lang="zh"><Esri><CreaDate>20201128</CreaDate><CreaTime>20533700</CreaTime><ArcGISFormat>1.0</ArcGISFormat><SyncOnce>TRUE</SyncOnce><DataProperties><itemProps><itemLocation><linkage Sync="TRUE">file://\\HFJS-1609161731\Users\Administrator\Desktop\Yu\九段线</linkage><protocol Sync="TRUE">Local Area Network</protocol></itemLocation></itemProps><copyHistory><copy source="E:\桌面\断陷盆地示意图\九段线" dest="\\HFJS-1609161731\Users\Administrator\Desktop\Yu\九段线" date="20190618" time="20115700"></copy></copyHistory></DataProperties></Esri></metadata>
